type,code,shape,diameter,width,thickness,height,depthneeded,description,source
battery,aaaa,round,8.3,0,0,42.5,10.625,AAAA cell,https://en.wikipedia.org/wiki/List_of_battery_sizes
battery,aaa,round,10.5,0,0,44.5,11.125,AAA cell,https://en.wikipedia.org/wiki/List_of_battery_sizes
battery,aa,round,14.5,0,0,50.5,12.625,AA cell,https://en.wikipedia.org/wiki/List_of_battery_sizes
battery,9v,square,1,17.5,26.5,48.5,12.5,9v,https://en.wikipedia.org/wiki/List_of_battery_sizes
battery,c,round,26.2,0,0,50,12.5,C cell,https://en.wikipedia.org/wiki/List_of_battery_sizes
battery,d,round,34.2,0,0,61.5,15.375,d cell,https://en.wikipedia.org/wiki/List_of_battery_sizes
battery,7540cell,round,7.5,0,0,40,10,7540 cell,https://en.wikipedia.org/wiki/List_of_battery_sizes
battery,8570cell,round,8.5,0,0,70,17.5,8570 cell,https://en.wikipedia.org/wiki/List_of_battery_sizes
battery,10180cell,round,10,0,0,18,4.5,10180 cell,https://en.wikipedia.org/wiki/List_of_battery_sizes
battery,10280cell,round,10,0,0,28,7,10280 cell,https://en.wikipedia.org/wiki/List_of_battery_sizes
battery,10440cell,round,10,0,0,44,11,10440 cell,https://en.wikipedia.org/wiki/List_of_battery_sizes
battery,10850cell,round,10,0,0,85,21.25,10850 cell,https://en.wikipedia.org/wiki/List_of_battery_sizes
battery,13400cell,round,13,0,0,40,10,13400 cell,https://en.wikipedia.org/wiki/List_of_battery_sizes
battery,14250cell,round,14,0,0,25,6.25,14250 cell,https://en.wikipedia.org/wiki/List_of_battery_sizes
battery,14300cell,round,14,0,0,30,7.5,14300 cell,https://en.wikipedia.org/wiki/List_of_battery_sizes
battery,14430cell,round,14,0,0,43,10.75,14430 cell,https://en.wikipedia.org/wiki/List_of_battery_sizes
battery,14500cell,round,14,0,0,53,13.25,14500 cell,https://en.wikipedia.org/wiki/List_of_battery_sizes
battery,14650cell,round,14,0,0,65,16.25,14650 cell,https://en.wikipedia.org/wiki/List_of_battery_sizes
battery,15270cell,round,15,0,0,27,6.75,15270 cell,https://en.wikipedia.org/wiki/List_of_battery_sizes
battery,16340cell,round,16,0,0,34,8.5,16340 cell,https://en.wikipedia.org/wiki/List_of_battery_sizes
battery,16650cell,round,16,0,0,65,16.25,16650 cell,https://en.wikipedia.org/wiki/List_of_battery_sizes
battery,17500cell,round,17,0,0,50,12.5,17500 cell,https://en.wikipedia.org/wiki/List_of_battery_sizes
battery,17650cell,round,17,0,0,65,16.25,17650 cell,https://en.wikipedia.org/wiki/List_of_battery_sizes
battery,17670cell,round,17,0,0,67,16.75,17670 cell,https://en.wikipedia.org/wiki/List_of_battery_sizes
battery,18350cell,round,18,0,0,35,8.75,18350 cell,https://en.wikipedia.org/wiki/List_of_battery_sizes
battery,18490cell,round,18,0,0,49,12.25,18490 cell,https://en.wikipedia.org/wiki/List_of_battery_sizes
battery,18500cell,round,18,0,0,50,12.5,18500 cell,https://en.wikipedia.org/wiki/List_of_battery_sizes
battery,18650cell,round,18,0,0,65,16.25,18650 cell,https://en.wikipedia.org/wiki/List_of_battery_sizes
battery,20700cell,round,20,0,0,70,17.5,20700 cell,https://en.wikipedia.org/wiki/List_of_battery_sizes
battery,21700cell,round,21,0,0,70,17.5,21700 cell,https://en.wikipedia.org/wiki/List_of_battery_sizes
battery,25500cell,round,25,0,0,50,12.5,25500 cell,https://en.wikipedia.org/wiki/List_of_battery_sizes
battery,26500cell,round,26,0,0,50,12.5,26500 cell,https://en.wikipedia.org/wiki/List_of_battery_sizes
battery,26650cell,round,26,0,0,65,16.25,26650 cell,https://en.wikipedia.org/wiki/List_of_battery_sizes
battery,26700cell,round,26,0,0,70,17.5,26700 cell,https://en.wikipedia.org/wiki/List_of_battery_sizes
battery,26800cell,round,26,0,0,80,20,26800 cell,https://en.wikipedia.org/wiki/List_of_battery_sizes
battery,32600cell,round,32,0,0,60,15,32600 cell,https://en.wikipedia.org/wiki/List_of_battery_sizes
battery,32650cell,round,32,0,0,67.7,16.925,32650 cell,https://en.wikipedia.org/wiki/List_of_battery_sizes
battery,32700cell,round,32,0,0,70,17.5,32700 cell,https://en.wikipedia.org/wiki/List_of_battery_sizes
battery,38120cell,round,38,0,0,120,30,38120 cell,https://en.wikipedia.org/wiki/List_of_battery_sizes
battery,38140cell,round,38,0,0,140,35,38140 cell,https://en.wikipedia.org/wiki/List_of_battery_sizes
battery,40152cell,round,40,0,0,152,38,40152 cell,https://en.wikipedia.org/wiki/List_of_battery_sizes
battery,4680cell,round,46,0,0,80,20,4680 cell,https://en.wikipedia.org/wiki/List_of_battery_sizes
buttoncell,CR927,halfround,0,9.5,2.7,0,0,CR927 cell,https://en.wikipedia.org/wiki/List_of_battery_sizes
buttoncell,CR1025,halfround,0,10,2.5,0,0,CR1025 cell,https://en.wikipedia.org/wiki/List_of_battery_sizes
buttoncell,CR1130,halfround,0,11.5,3,0,0,CR1130 cell,https://en.wikipedia.org/wiki/List_of_battery_sizes
buttoncell,CR1216,halfround,0,12.5,1.6,0,0,CR1216 cell,https://en.wikipedia.org/wiki/List_of_battery_sizes
buttoncell,CR1220,halfround,0,12.5,2,0,0,CR1220 cell,https://en.wikipedia.org/wiki/List_of_battery_sizes
buttoncell,CR1225,halfround,0,12.5,2.5,0,0,CR1225 cell,https://en.wikipedia.org/wiki/List_of_battery_sizes
buttoncell,CR1616,halfround,0,16,1.6,0,0,CR1616 cell,https://en.wikipedia.org/wiki/List_of_battery_sizes
buttoncell,CR1620,halfround,0,16,2,0,0,CR1620 cell,https://en.wikipedia.org/wiki/List_of_battery_sizes
buttoncell,CR1632,halfround,0,16,3.2,0,0,CR1632 cell,https://en.wikipedia.org/wiki/List_of_battery_sizes
buttoncell,CR2012,halfround,0,20,1.2,0,0,CR2012 cell,https://en.wikipedia.org/wiki/List_of_battery_sizes
buttoncell,CR2016,halfround,0,20,1.6,0,0,CR2016 cell,https://en.wikipedia.org/wiki/List_of_battery_sizes
buttoncell,CR2020,halfround,0,20,2,0,0,CR2020 cell,https://en.wikipedia.org/wiki/List_of_battery_sizes
buttoncell,CR2025,halfround,0,20,2.5,0,0,CR2025 cell,https://en.wikipedia.org/wiki/List_of_battery_sizes
buttoncell,CR2032,halfround,0,20,3.2,0,0,CR2032 cell,https://en.wikipedia.org/wiki/List_of_battery_sizes
buttoncell,CR2040,halfround,0,20,4,0,0,CR2040 cell,https://en.wikipedia.org/wiki/List_of_battery_sizes
buttoncell,CR2050,halfround,0,20,5,0,0,CR2050 cell,https://en.wikipedia.org/wiki/List_of_battery_sizes
buttoncell,CR2320,halfround,0,23,2,0,0,CR2320 cell,https://en.wikipedia.org/wiki/List_of_battery_sizes
buttoncell,CR2325,halfround,0,23,2.5,0,0,CR2325 cell,https://en.wikipedia.org/wiki/List_of_battery_sizes
buttoncell,CR2330,halfround,0,23,3,0,0,CR2330 cell,https://en.wikipedia.org/wiki/List_of_battery_sizes
buttoncell,BR2335,halfround,0,23,3.5,0,0,BR2335 cell,https://en.wikipedia.org/wiki/List_of_battery_sizes
buttoncell,CR2354,halfround,0,23,5.4,0,0,CR2354 cell,https://en.wikipedia.org/wiki/List_of_battery_sizes
buttoncell,CR2412,halfround,0,24.5,1.2,0,0,CR2412 cell,https://en.wikipedia.org/wiki/List_of_battery_sizes
buttoncell,CR2430,halfround,0,24.5,3,0,0,CR2430 cell,https://en.wikipedia.org/wiki/List_of_battery_sizes
buttoncell,CR2450,halfround,0,24.5,5,0,0,CR2450 cell,https://en.wikipedia.org/wiki/List_of_battery_sizes
buttoncell,CR2477,halfround,0,24.5,7.7,0,0,CR2477 cell,https://en.wikipedia.org/wiki/List_of_battery_sizes
buttoncell,CR3032,halfround,0,30,3.2,0,0,CR3032 cell,https://en.wikipedia.org/wiki/List_of_battery_sizes
buttoncell,CR11108,halfround,0,11.6,10.8,0,0,CR11108 cell,https://en.wikipedia.org/wiki/List_of_battery_sizes
tool,4hexshank,hex,4,0,0,20,5,4mm Hex Shank,
tool,1/4hexshank,hex,6.35,0,0,15,8,1/4 Hex Shank,
tool,1/4hexshanklong,hex,6.35,0,0,40,15,1/4 Hex Long Shank,
tool,5/16hexshank,hex,7.94,0,0,0,7,5/16 Hex Shank,
tool,3/8hexshank,hex,9.52,0,0,0,10,3/8 Hex Shank,
tool,1/2shank,round,12.7,0,0,50,20,1/2 inch router bit, https://en.wikipedia.org/wiki/Router_(woodworking)
tool,12shank,round,12,0,0,50,20,12mm router bit, https://en.wikipedia.org/wiki/Router_(woodworking)
tool,10shank,round,10,0,0,50,20,10mm router bit, https://en.wikipedia.org/wiki/Router_(woodworking)
tool,3/8shank,round,9.525,0,0,50,20,3/8 inch router bit, https://en.wikipedia.org/wiki/Router_(woodworking)
tool,8shank,round,8,0,0,50,20,8mm router bit, https://en.wikipedia.org/wiki/Router_(woodworking)
tool,1/4shank,round,6.35,0,0,50,20,1/4 inch router bit, https://en.wikipedia.org/wiki/Router_(woodworking)
tool,6shank,round,6,0,0,40,15,6mm router bit, https://en.wikipedia.org/wiki/Router_(woodworking)
tool,1/8shank,round,3.2,0,0,40,15,1/8 inch Dremel router bit, https://en.wikipedia.org/wiki/Router_(woodworking)
card,multicard,square,0,0,0,0,0,Multi card slot,
card,compactflashi,square,0,43,3.3,36,9,"CompactFlash, Type I",https://en.wikipedia.org/wiki/Comparison_of_memory_cards
card,compactflashii,square,0,43,5,36,9,"CompactFlash, Type II",https://en.wikipedia.org/wiki/Comparison_of_memory_cards
card,smartmedia,square,0,37,0.76,45,11.25,SmartMedia,https://en.wikipedia.org/wiki/Comparison_of_memory_cards
card,mmc,square,0,24,1.4,32,8,"MMC, MMCplus",https://en.wikipedia.org/wiki/Comparison_of_memory_cards
card,mmcmobile,square,0,24,1.4,18,4.5,"RS-MMC, MMCmobile",https://en.wikipedia.org/wiki/Comparison_of_memory_cards
card,mmcmicro,square,0,14,1.1,12,3,MMCmicro,https://en.wikipedia.org/wiki/Comparison_of_memory_cards
card,sd,square,0,24,2.1,32,18,"SD, SDHC, SDXC, SDIO, MicroP2",https://en.wikipedia.org/wiki/Comparison_of_memory_cards
card,minisd,square,0,20,1.4,21.5,10,"miniSD, miniSDHC, miniSDIO",https://en.wikipedia.org/wiki/Comparison_of_memory_cards
card,microsd,square,0,11,0.7,15,9,"microSD, microSDHC, microSDXC",https://en.wikipedia.org/wiki/Comparison_of_memory_cards
card,memorystickstandard,square,0,21.5,2.8,50,12.5,"Memory Stick Standard, PRO",https://en.wikipedia.org/wiki/Comparison_of_memory_cards
card,memorystickduo,square,0,20,1.6,31,7.75,"Memory Stick Duo, PRO Duo, PRO-HG, XC",https://en.wikipedia.org/wiki/Comparison_of_memory_cards
card,memorystickmicro,square,0,12.5,1.2,15,3.75,"Memory Stick Micro (M2), XC",https://en.wikipedia.org/wiki/Comparison_of_memory_cards
card,nano,square,0,12.3,0.7,8.8,2.2,Nano Memory,https://en.wikipedia.org/wiki/Comparison_of_memory_cards
card,psvita,square,0,15,1.6,12.5,3.125,PS Vita Memory Card,https://en.wikipedia.org/wiki/Comparison_of_memory_cards
card,xqd,square,0,38.5,3.8,29.8,7.45,XQD card,https://en.wikipedia.org/wiki/Comparison_of_memory_cards
card,xd,square,0,25,1.78,20,5,xD,https://en.wikipedia.org/wiki/Comparison_of_memory_cards
card,usba,square,0,12,4.5,13,13,USB A,
card,usbc,square,0,8.5,4,0,10,USB C,
cartridge,atari800,square,0,68,21,77,19.25,Atari 800,https://www.reddit.com/r/gamecollecting/comments/23stkf/q_dimensions_for_game_cartridges/
cartridge,atari2600,square,0,81,19,87,21.75,Atari 2600/7800/Colecovision,https://www.reddit.com/r/gamecollecting/comments/23stkf/q_dimensions_for_game_cartridges/
cartridge,atari5200,square,0,104,20,112,28,Atari 5200,https://www.reddit.com/r/gamecollecting/comments/23stkf/q_dimensions_for_game_cartridges/
cartridge,atari7800,square,0,81,19,87,21.75,Atari 7800,https://www.reddit.com/r/gamecollecting/comments/23stkf/q_dimensions_for_game_cartridges/
cartridge,commodore,square,0,79,17,139,34.75,Commodore Vic20,https://www.reddit.com/r/gamecollecting/comments/23stkf/q_dimensions_for_game_cartridges/
cartridge,magnavoxodyssey,square,0,100,5.5,60,15,Magnavox Odyssey,https://www.reddit.com/r/gamecollecting/comments/23stkf/q_dimensions_for_game_cartridges/
cartridge,magnavoxodysseymulticard,square,0,105,15,110,27.5,Magnavox Odyssey (multicard),https://www.reddit.com/r/gamecollecting/comments/23stkf/q_dimensions_for_game_cartridges/
cartridge,magnavoxodyssey2,square,0,80,21,127,31.75,Magnavox Odyssey2,https://www.reddit.com/r/gamecollecting/comments/23stkf/q_dimensions_for_game_cartridges/
cartridge,mattelintellivision,square,0,68,16,88,22,Mattel Intellivision I & II,https://www.reddit.com/r/gamecollecting/comments/23stkf/q_dimensions_for_game_cartridges/
cartridge,nintendofamicom,square,0,71,17,108,27,Nintendo Famicom,https://www.reddit.com/r/gamecollecting/comments/23stkf/q_dimensions_for_game_cartridges/
cartridge,nintendofamicomdisk,square,0,76,4,90,22.5,Nintendo Famicom Disk,https://www.reddit.com/r/gamecollecting/comments/23stkf/q_dimensions_for_game_cartridges/
cartridge,nintendosuperfamicom,square,0,127,20,86,21.5,Nintendo Super Famicom / SNES (Pal),https://www.reddit.com/r/gamecollecting/comments/23stkf/q_dimensions_for_game_cartridges/
cartridge,nes,square,0,120,17,134,33.5,NES,https://www.reddit.com/r/gamecollecting/comments/23stkf/q_dimensions_for_game_cartridges/
cartridge,snes,square,0,136,20,87.7,21.925,SNES,https://www.reddit.com/r/gamecollecting/comments/23stkf/q_dimensions_for_game_cartridges/
cartridge,nintendo64,square,0,116,18,75,18.75,Nintendo 64,https://www.reddit.com/r/gamecollecting/comments/23stkf/q_dimensions_for_game_cartridges/
cartridge,nintendogb,square,0,57,7.5,65.5,16.375,Nintendo GB,https://www.reddit.com/r/gamecollecting/comments/23stkf/q_dimensions_for_game_cartridges/
cartridge,nintendogbc,square,0,57,9,65.5,16.375,Nintendo GBC,https://www.reddit.com/r/gamecollecting/comments/23stkf/q_dimensions_for_game_cartridges/
cartridge,nintendogba,square,0,35,6,57,14.25,Nintendo GBA,https://www.reddit.com/r/gamecollecting/comments/23stkf/q_dimensions_for_game_cartridges/
cartridge,nintendods,square,0,33,3.8,35,8.75,Nintendo DS,https://www.reddit.com/r/gamecollecting/comments/23stkf/q_dimensions_for_game_cartridges/
cartridge,nintendo2ds,square,0,35,3.8,35,8.75,Nintendo 2DS/3DS,https://www.reddit.com/r/gamecollecting/comments/23stkf/q_dimensions_for_game_cartridges/
cartridge,nintendovb,square,0,75,7,68,17,Nintendo Virtual Boy,https://www.reddit.com/r/gamecollecting/comments/23stkf/q_dimensions_for_game_cartridges/
cartridge,nintendoswitch,square,0,21,3,31,7.75,Nintendo Switch,https://www.reddit.com/r/gamecollecting/comments/23stkf/q_dimensions_for_game_cartridges/
cartridge,segagamegear,square,0,66,10,68,17,Sega Game Gear,https://www.reddit.com/r/gamecollecting/comments/23stkf/q_dimensions_for_game_cartridges/
cartridge,segagenesis,square,0,118,15,68,17,Sega Genesis,https://www.reddit.com/r/gamecollecting/comments/23stkf/q_dimensions_for_game_cartridges/
cartridge,segagenesistall,square,0,96,16,88,22,Sega Genesis (tall cart),https://www.reddit.com/r/gamecollecting/comments/23stkf/q_dimensions_for_game_cartridges/
cartridge,segamegadrive,square,0,93,17,67,16.75,Sega MegaDrive,https://www.reddit.com/r/gamecollecting/comments/23stkf/q_dimensions_for_game_cartridges/
cartridge,segamegadrivecodemasters,square,0,109,17,75,18.75,Sega MegaDrive Codemasters,https://www.reddit.com/r/gamecollecting/comments/23stkf/q_dimensions_for_game_cartridges/
cartridge,segamastersystem,square,0,69,17,108,27,Sega Master System,https://www.reddit.com/r/gamecollecting/comments/23stkf/q_dimensions_for_game_cartridges/
cartridge,sega32x,square,0,72,16,111,27.75,Sega 32x,https://www.reddit.com/r/gamecollecting/comments/23stkf/q_dimensions_for_game_cartridges/
cartridge,segacard,square,0,84,2,53,13.25,Sega Card/TG16,https://www.reddit.com/r/gamecollecting/comments/23stkf/q_dimensions_for_game_cartridges/
cartridge,segapico,square,0,181,15,223,55.75,Sega Pico,https://www.reddit.com/r/gamecollecting/comments/23stkf/q_dimensions_for_game_cartridges/
cartridge,sonyumd,round,0,64,0,4.2,1.05,Sony UMD,https://www.reddit.com/r/gamecollecting/comments/23stkf/q_dimensions_for_game_cartridges/
cartridge,sonypsvita,square,0,22,2,30,7.5,Sony PS Vita,https://www.reddit.com/r/gamecollecting/comments/23stkf/q_dimensions_for_game_cartridges/
cartridge,sonypsvitamemcard,square,0,12.5,1.6,15,3.75,Sony PS Vita (Mem Card),https://www.reddit.com/r/gamecollecting/comments/23stkf/q_dimensions_for_game_cartridges/
cartridge,necpcehucard,square,0,53,2,84,21,NEC PCE HuCard,https://www.reddit.com/r/gamecollecting/comments/23stkf/q_dimensions_for_game_cartridges/
cartridge,snkneogeoaes,square,0,146.05,31.75,190.5,47.625,SNK Neo Geo AES,https://www.reddit.com/r/gamecollecting/comments/23stkf/q_dimensions_for_game_cartridges/
cartridge,snkneogeomvs,square,0,145,35,185,46.25,SNK Neo Geo MVS,https://www.reddit.com/r/gamecollecting/comments/23stkf/q_dimensions_for_game_cartridges/
cartridge,bandai,square,0,41,6,66,16.5,Bandai Wonderswan/Color,https://www.reddit.com/r/gamecollecting/comments/23stkf/q_dimensions_for_game_cartridges/
cartridge,msx,square,0,109,16.8,69.4,17.35,MSX,https://www.reddit.com/r/gamecollecting/comments/23stkf/q_dimensions_for_game_cartridges/
